code,industry,ind_year
000002.SZ,房地产,2020
000002.SZ,房地产,2019
000002.SZ,房地产,2018
000002.SZ,房地产,2017
000002.SZ,房地产,2016
000039.SZ,机械设备,2020
000039.SZ,机械设备,2019
000039.SZ,机械设备,2018
000039.SZ,机械设备,2017
000039.SZ,机械设备,2016
000009.SZ,综合,2020
000009.SZ,综合,2019
000009.SZ,综合,2018
000009.SZ,综合,2017
000009.SZ,综合,2016
000027.SZ,公用事业,2020
000027.SZ,公用事业,2019
000027.SZ,公用事业,2018
000027.SZ,公用事业,2017
000027.SZ,公用事业,2016
000001.SZ,银行,2020
000001.SZ,银行,2019
000001.SZ,银行,2018
000001.SZ,银行,2017
000001.SZ,银行,2016
000046.SZ,房地产,2020
000046.SZ,房地产,2019
000046.SZ,房地产,2018
000046.SZ,房地产,2017
000046.SZ,房地产,2016
000060.SZ,有色金属,2020
000060.SZ,有色金属,2019
000060.SZ,有色金属,2018
000060.SZ,有色金属,2017
000060.SZ,有色金属,2016
000061.SZ,商贸零售,2020
000061.SZ,商贸零售,2019
000061.SZ,商贸零售,2018
000061.SZ,商贸零售,2017
000061.SZ,商贸零售,2016
000063.SZ,通信,2020
000063.SZ,通信,2019
000063.SZ,通信,2018
000063.SZ,通信,2017
000063.SZ,通信,2016
000069.SZ,房地产,2020
000069.SZ,房地产,2019
000069.SZ,房地产,2018
000069.SZ,房地产,2017
000069.SZ,房地产,2016
000100.SZ,电子,2020
000100.SZ,电子,2019
000100.SZ,家用电器,2018
000100.SZ,家用电器,2017
000100.SZ,家用电器,2016
000156.SZ,传媒,2020
000156.SZ,传媒,2019
000156.SZ,传媒,2018
000156.SZ,传媒,2017
000156.SZ,传媒,2016
000157.SZ,机械设备,2020
000157.SZ,机械设备,2019
000157.SZ,机械设备,2018
000157.SZ,机械设备,2017
000157.SZ,机械设备,2016
000166.SZ,非银金融,2020
000166.SZ,非银金融,2019
000166.SZ,非银金融,2018
000166.SZ,非银金融,2017
000166.SZ,非银金融,2016
000333.SZ,家用电器,2020
000333.SZ,家用电器,2019
000333.SZ,家用电器,2018
000333.SZ,家用电器,2017
000333.SZ,家用电器,2016
000402.SZ,房地产,2020
000402.SZ,房地产,2019
000402.SZ,房地产,2018
000402.SZ,房地产,2017
000402.SZ,房地产,2016
000400.SZ,电力设备,2020
000400.SZ,电力设备,2019
000400.SZ,电力设备,2018
000400.SZ,电力设备,2017
000400.SZ,电力设备,2016
000413.SZ,电子,2020
000413.SZ,电子,2019
000413.SZ,电子,2018
000413.SZ,电子,2017
000413.SZ,电子,2016
000415.SZ,非银金融,2020
000415.SZ,非银金融,2019
000415.SZ,非银金融,2018
000415.SZ,非银金融,2017
000415.SZ,非银金融,2016
000338.SZ,汽车,2020
000338.SZ,汽车,2019
000338.SZ,汽车,2018
000338.SZ,汽车,2017
000338.SZ,汽车,2016
000423.SZ,医药生物,2020
000423.SZ,医药生物,2019
000423.SZ,医药生物,2018
000423.SZ,医药生物,2017
000423.SZ,医药生物,2016
000425.SZ,机械设备,2020
000425.SZ,机械设备,2019
000425.SZ,机械设备,2018
000425.SZ,机械设备,2017
000425.SZ,机械设备,2016
000503.SZ,计算机,2020
000503.SZ,计算机,2019
000503.SZ,计算机,2018
000503.SZ,计算机,2017
000503.SZ,计算机,2016
000538.SZ,医药生物,2020
000538.SZ,医药生物,2019
000538.SZ,医药生物,2018
000538.SZ,医药生物,2017
000538.SZ,医药生物,2016
000539.SZ,公用事业,2020
000539.SZ,公用事业,2019
000539.SZ,公用事业,2018
000539.SZ,公用事业,2017
000539.SZ,公用事业,2016
000581.SZ,汽车,2020
000581.SZ,汽车,2019
000581.SZ,汽车,2018
000581.SZ,汽车,2017
000581.SZ,汽车,2016
000559.SZ,汽车,2020
000559.SZ,汽车,2019
000559.SZ,汽车,2018
000559.SZ,汽车,2017
000559.SZ,汽车,2016
000568.SZ,食品饮料,2020
000568.SZ,食品饮料,2019
000568.SZ,食品饮料,2018
000568.SZ,食品饮料,2017
000568.SZ,食品饮料,2016
000540.SZ,房地产,2020
000540.SZ,房地产,2019
000540.SZ,房地产,2018
000540.SZ,房地产,2017
000540.SZ,房地产,2016
000598.SZ,环保,2020
000598.SZ,环保,2019
000598.SZ,环保,2018
000598.SZ,环保,2017
000598.SZ,环保,2016
000623.SZ,医药生物,2020
000623.SZ,医药生物,2019
000623.SZ,医药生物,2018
000623.SZ,医药生物,2017
000623.SZ,医药生物,2016
000625.SZ,汽车,2020
000625.SZ,汽车,2019
000625.SZ,汽车,2018
000625.SZ,汽车,2017
000625.SZ,汽车,2016
000629.SZ,钢铁,2020
000629.SZ,钢铁,2019
000629.SZ,钢铁,2018
000629.SZ,钢铁,2017
000629.SZ,钢铁,2016
000630.SZ,有色金属,2020
000630.SZ,有色金属,2019
000630.SZ,有色金属,2018
000630.SZ,有色金属,2017
000630.SZ,有色金属,2016
000651.SZ,家用电器,2020
000651.SZ,家用电器,2019
000651.SZ,家用电器,2018
000651.SZ,家用电器,2017
000651.SZ,家用电器,2016
000686.SZ,非银金融,2020
000686.SZ,非银金融,2019
000686.SZ,非银金融,2018
000686.SZ,非银金融,2017
000686.SZ,非银金融,2016
000709.SZ,钢铁,2020
000709.SZ,钢铁,2019
000709.SZ,钢铁,2018
000709.SZ,钢铁,2017
000709.SZ,钢铁,2016
000712.SZ,非银金融,2020
000712.SZ,非银金融,2019
000712.SZ,非银金融,2018
000712.SZ,非银金融,2017
000712.SZ,非银金融,2016
000725.SZ,电子,2020
000725.SZ,电子,2019
000725.SZ,电子,2018
000725.SZ,电子,2017
000725.SZ,电子,2016
000728.SZ,非银金融,2020
000728.SZ,非银金融,2019
000728.SZ,非银金融,2018
000728.SZ,非银金融,2017
000728.SZ,非银金融,2016
000738.SZ,国防军工,2020
000738.SZ,国防军工,2019
000738.SZ,国防军工,2018
000738.SZ,国防军工,2017
000738.SZ,国防军工,2016
000729.SZ,食品饮料,2020
000729.SZ,食品饮料,2019
000729.SZ,食品饮料,2018
000729.SZ,食品饮料,2017
000729.SZ,食品饮料,2016
000768.SZ,国防军工,2020
000768.SZ,国防军工,2019
000768.SZ,国防军工,2018
000768.SZ,国防军工,2017
000768.SZ,国防军工,2016
000750.SZ,非银金融,2020
000750.SZ,非银金融,2019
000750.SZ,非银金融,2018
000750.SZ,非银金融,2017
000750.SZ,非银金融,2016
000776.SZ,非银金融,2020
000776.SZ,非银金融,2019
000776.SZ,非银金融,2018
000776.SZ,非银金融,2017
000776.SZ,非银金融,2016
000783.SZ,非银金融,2020
000783.SZ,非银金融,2019
000783.SZ,非银金融,2018
000783.SZ,非银金融,2017
000783.SZ,非银金融,2016
000778.SZ,钢铁,2020
000778.SZ,钢铁,2019
000778.SZ,钢铁,2018
000778.SZ,钢铁,2017
000778.SZ,钢铁,2016
000792.SZ,基础化工,2020
000792.SZ,基础化工,2019
000792.SZ,基础化工,2018
000792.SZ,基础化工,2017
000792.SZ,基础化工,2016
000800.SZ,汽车,2020
000800.SZ,汽车,2019
000800.SZ,汽车,2018
000800.SZ,汽车,2017
000800.SZ,汽车,2016
000793.SZ,传媒,2020
000793.SZ,传媒,2019
000793.SZ,传媒,2018
000793.SZ,传媒,2017
000793.SZ,传媒,2016
000825.SZ,钢铁,2020
000825.SZ,钢铁,2019
000825.SZ,钢铁,2018
000825.SZ,钢铁,2017
000825.SZ,钢铁,2016
000826.SZ,环保,2020
000826.SZ,环保,2019
000826.SZ,环保,2018
000826.SZ,环保,2017
000826.SZ,环保,2016
000831.SZ,有色金属,2020
000831.SZ,有色金属,2019
000831.SZ,有色金属,2018
000831.SZ,有色金属,2017
000831.SZ,有色金属,2016
000876.SZ,农林牧渔,2020
000876.SZ,农林牧渔,2019
000876.SZ,农林牧渔,2018
000876.SZ,农林牧渔,2017
000876.SZ,农林牧渔,2016
000883.SZ,公用事业,2020
000883.SZ,公用事业,2019
000883.SZ,公用事业,2018
000883.SZ,公用事业,2017
000883.SZ,公用事业,2016
000895.SZ,食品饮料,2020
000895.SZ,食品饮料,2019
000895.SZ,食品饮料,2018
000895.SZ,食品饮料,2017
000895.SZ,食品饮料,2016
000898.SZ,钢铁,2020
000898.SZ,钢铁,2019
000898.SZ,钢铁,2018
000898.SZ,钢铁,2017
000898.SZ,钢铁,2016
000858.SZ,食品饮料,2020
000858.SZ,食品饮料,2019
000858.SZ,食品饮料,2018
000858.SZ,食品饮料,2017
000858.SZ,食品饮料,2016
000917.SZ,传媒,2020
000917.SZ,传媒,2019
000917.SZ,传媒,2018
000917.SZ,传媒,2017
000917.SZ,传媒,2016
000983.SZ,煤炭,2020
000983.SZ,煤炭,2019
000983.SZ,煤炭,2018
000983.SZ,煤炭,2017
000983.SZ,煤炭,2016
000963.SZ,医药生物,2020
000963.SZ,医药生物,2019
000963.SZ,医药生物,2018
000963.SZ,医药生物,2017
000963.SZ,医药生物,2016
000999.SZ,医药生物,2020
000999.SZ,医药生物,2019
000999.SZ,医药生物,2018
000999.SZ,医药生物,2017
000999.SZ,医药生物,2016
000937.SZ,煤炭,2020
000937.SZ,煤炭,2019
000937.SZ,煤炭,2018
000937.SZ,煤炭,2017
000937.SZ,煤炭,2016
001979.SZ,房地产,2020
001979.SZ,房地产,2019
001979.SZ,房地产,2018
001979.SZ,房地产,2017
001979.SZ,房地产,2016
002007.SZ,医药生物,2020
002007.SZ,医药生物,2019
002007.SZ,医药生物,2018
002007.SZ,医药生物,2017
002007.SZ,医药生物,2016
002008.SZ,电子,2020
002008.SZ,电子,2019
002008.SZ,电子,2018
002008.SZ,电子,2017
002008.SZ,电子,2016
002024.SZ,商贸零售,2020
002024.SZ,商贸零售,2019
002024.SZ,商贸零售,2018
002024.SZ,商贸零售,2017
002024.SZ,商贸零售,2016
002038.SZ,医药生物,2020
002038.SZ,医药生物,2019
002038.SZ,医药生物,2018
002038.SZ,医药生物,2017
002038.SZ,医药生物,2016
002065.SZ,计算机,2020
002065.SZ,计算机,2019
002065.SZ,计算机,2018
002065.SZ,计算机,2017
002065.SZ,计算机,2016
002081.SZ,建筑装饰,2020
002081.SZ,建筑装饰,2019
002081.SZ,建筑装饰,2018
002081.SZ,建筑装饰,2017
002081.SZ,建筑装饰,2016
002129.SZ,电力设备,2020
002129.SZ,电力设备,2019
002129.SZ,电力设备,2018
002129.SZ,电力设备,2017
002129.SZ,电子,2016
002142.SZ,银行,2020
002142.SZ,银行,2019
002142.SZ,银行,2018
002142.SZ,银行,2017
002142.SZ,银行,2016
002153.SZ,计算机,2020
002153.SZ,计算机,2019
002153.SZ,计算机,2018
002153.SZ,计算机,2017
002153.SZ,计算机,2016
002146.SZ,房地产,2020
002146.SZ,房地产,2019
002146.SZ,房地产,2018
002146.SZ,房地产,2017
002146.SZ,房地产,2016
002195.SZ,计算机,2020
002195.SZ,计算机,2019
002195.SZ,计算机,2018
002195.SZ,计算机,2017
002195.SZ,计算机,2016
002202.SZ,电力设备,2020
002202.SZ,电力设备,2019
002202.SZ,电力设备,2018
002202.SZ,电力设备,2017
002202.SZ,电力设备,2016
002230.SZ,计算机,2020
002230.SZ,计算机,2019
002230.SZ,计算机,2018
002230.SZ,计算机,2017
002230.SZ,计算机,2016
002241.SZ,电子,2020
002241.SZ,电子,2019
002241.SZ,电子,2018
002241.SZ,电子,2017
002241.SZ,电子,2016
002236.SZ,计算机,2020
002236.SZ,计算机,2019
002236.SZ,计算机,2018
002236.SZ,计算机,2017
002236.SZ,计算机,2016
002252.SZ,医药生物,2020
002252.SZ,医药生物,2019
002252.SZ,医药生物,2018
002252.SZ,医药生物,2017
002252.SZ,医药生物,2016
002292.SZ,传媒,2020
002292.SZ,传媒,2019
002292.SZ,传媒,2018
002292.SZ,传媒,2017
002292.SZ,传媒,2016
002294.SZ,医药生物,2020
002294.SZ,医药生物,2019
002294.SZ,医药生物,2018
002294.SZ,医药生物,2017
002294.SZ,医药生物,2016
002353.SZ,机械设备,2020
002353.SZ,机械设备,2019
002353.SZ,机械设备,2018
002353.SZ,机械设备,2017
002353.SZ,机械设备,2016
002304.SZ,食品饮料,2020
002304.SZ,食品饮料,2019
002304.SZ,食品饮料,2018
002304.SZ,食品饮料,2017
002304.SZ,食品饮料,2016
002399.SZ,医药生物,2020
002399.SZ,医药生物,2019
002399.SZ,医药生物,2018
002399.SZ,医药生物,2017
002399.SZ,医药生物,2016
002415.SZ,计算机,2020
002415.SZ,计算机,2019
002415.SZ,计算机,2018
002415.SZ,计算机,2017
002415.SZ,计算机,2016
002385.SZ,农林牧渔,2020
002385.SZ,农林牧渔,2019
002385.SZ,农林牧渔,2018
002385.SZ,农林牧渔,2017
002385.SZ,农林牧渔,2016
002375.SZ,建筑装饰,2020
002375.SZ,建筑装饰,2019
002375.SZ,建筑装饰,2018
002375.SZ,建筑装饰,2017
002375.SZ,建筑装饰,2016
002410.SZ,计算机,2020
002410.SZ,计算机,2019
002410.SZ,计算机,2018
002410.SZ,计算机,2017
002410.SZ,计算机,2016
002422.SZ,医药生物,2020
002422.SZ,医药生物,2019
002422.SZ,医药生物,2018
002422.SZ,医药生物,2017
002422.SZ,医药生物,2016
002450.SZ,基础化工,2020
002450.SZ,基础化工,2019
002450.SZ,基础化工,2018
002450.SZ,基础化工,2017
002450.SZ,基础化工,2016
002456.SZ,电子,2020
002456.SZ,电子,2019
002456.SZ,电子,2018
002456.SZ,电子,2017
002456.SZ,电子,2016
002465.SZ,国防军工,2020
002465.SZ,国防军工,2019
002465.SZ,国防军工,2018
002465.SZ,国防军工,2017
002465.SZ,国防军工,2016
002470.SZ,基础化工,2020
002470.SZ,基础化工,2019
002470.SZ,基础化工,2018
002470.SZ,基础化工,2017
002470.SZ,基础化工,2016
002475.SZ,电子,2020
002475.SZ,电子,2019
002475.SZ,电子,2018
002475.SZ,电子,2017
002475.SZ,电子,2016
002500.SZ,非银金融,2020
002500.SZ,非银金融,2019
002500.SZ,非银金融,2018
002500.SZ,非银金融,2017
002500.SZ,非银金融,2016
002736.SZ,非银金融,2020
002736.SZ,非银金融,2019
002736.SZ,非银金融,2018
002736.SZ,非银金融,2017
002736.SZ,非银金融,2016
002673.SZ,非银金融,2020
002673.SZ,非银金融,2019
002673.SZ,非银金融,2018
002673.SZ,非银金融,2017
002673.SZ,非银金融,2016
002594.SZ,汽车,2020
002594.SZ,汽车,2019
002594.SZ,汽车,2018
002594.SZ,汽车,2017
002594.SZ,汽车,2016
002739.SZ,传媒,2020
002739.SZ,传媒,2019
002739.SZ,传媒,2018
002739.SZ,传媒,2017
002739.SZ,传媒,2016
300002.SZ,计算机,2020
300002.SZ,计算机,2019
300002.SZ,计算机,2018
300002.SZ,计算机,2017
300002.SZ,计算机,2016
300003.SZ,医药生物,2020
300003.SZ,医药生物,2019
300003.SZ,医药生物,2018
300003.SZ,医药生物,2017
300003.SZ,医药生物,2016
300015.SZ,医药生物,2020
300015.SZ,医药生物,2019
300015.SZ,医药生物,2018
300015.SZ,医药生物,2017
300015.SZ,医药生物,2016
300017.SZ,计算机,2020
300017.SZ,计算机,2019
300017.SZ,计算机,2018
300017.SZ,计算机,2017
300017.SZ,计算机,2016
300024.SZ,机械设备,2020
300024.SZ,机械设备,2019
300024.SZ,机械设备,2018
300024.SZ,机械设备,2017
300024.SZ,机械设备,2016
300027.SZ,传媒,2020
300027.SZ,传媒,2019
300027.SZ,传媒,2018
300027.SZ,传媒,2017
300027.SZ,传媒,2016
300058.SZ,传媒,2020
300058.SZ,传媒,2019
300058.SZ,传媒,2018
300058.SZ,传媒,2017
300058.SZ,传媒,2016
300059.SZ,非银金融,2020
300059.SZ,非银金融,2019
300059.SZ,非银金融,2018
300059.SZ,非银金融,2017
300059.SZ,非银金融,2016
300070.SZ,环保,2020
300070.SZ,环保,2019
300070.SZ,环保,2018
300070.SZ,环保,2017
300070.SZ,环保,2016
300124.SZ,机械设备,2020
300124.SZ,机械设备,2019
300124.SZ,机械设备,2018
300124.SZ,机械设备,2017
300124.SZ,机械设备,2016
300144.SZ,社会服务,2020
300144.SZ,社会服务,2019
300144.SZ,社会服务,2018
300144.SZ,社会服务,2017
300144.SZ,社会服务,2016
300133.SZ,传媒,2020
300133.SZ,传媒,2019
300133.SZ,传媒,2018
300133.SZ,传媒,2017
300133.SZ,传媒,2016
300146.SZ,食品饮料,2020
300146.SZ,食品饮料,2019
300146.SZ,食品饮料,2018
300146.SZ,食品饮料,2017
300146.SZ,食品饮料,2016
300251.SZ,传媒,2020
300251.SZ,传媒,2019
300251.SZ,传媒,2018
300251.SZ,传媒,2017
300251.SZ,传媒,2016
300104.SZ,传媒,2020
300104.SZ,传媒,2019
300104.SZ,传媒,2018
300104.SZ,传媒,2017
300104.SZ,传媒,2016
300315.SZ,传媒,2020
300315.SZ,传媒,2019
300315.SZ,传媒,2018
300315.SZ,传媒,2017
300315.SZ,传媒,2016
600000.SH,银行,2020
600000.SH,银行,2019
600000.SH,银行,2018
600000.SH,银行,2017
600000.SH,银行,2016
600005.SH,钢铁,2020
600005.SH,钢铁,2019
600005.SH,钢铁,2018
600005.SH,钢铁,2017
600005.SH,钢铁,2016
600009.SH,交通运输,2020
600009.SH,交通运输,2019
600009.SH,交通运输,2018
600009.SH,交通运输,2017
600009.SH,交通运输,2016
600008.SH,环保,2020
600008.SH,环保,2019
600008.SH,环保,2018
600008.SH,环保,2017
600008.SH,环保,2016
600010.SH,钢铁,2020
600010.SH,钢铁,2019
600010.SH,钢铁,2018
600010.SH,钢铁,2017
600010.SH,钢铁,2016
600015.SH,银行,2020
600015.SH,银行,2019
600015.SH,银行,2018
600015.SH,银行,2017
600015.SH,银行,2016
600011.SH,公用事业,2020
600011.SH,公用事业,2019
600011.SH,公用事业,2018
600011.SH,公用事业,2017
600011.SH,公用事业,2016
600016.SH,银行,2020
600016.SH,银行,2019
600016.SH,银行,2018
600016.SH,银行,2017
600016.SH,银行,2016
600018.SH,交通运输,2020
600018.SH,交通运输,2019
600018.SH,交通运输,2018
600018.SH,交通运输,2017
600018.SH,交通运输,2016
600019.SH,钢铁,2020
600019.SH,钢铁,2019
600019.SH,钢铁,2018
600019.SH,钢铁,2017
600019.SH,钢铁,2016
600023.SH,公用事业,2020
600023.SH,公用事业,2019
600023.SH,公用事业,2018
600023.SH,公用事业,2017
600023.SH,公用事业,2016
600027.SH,公用事业,2020
600027.SH,公用事业,2019
600027.SH,公用事业,2018
600027.SH,公用事业,2017
600027.SH,公用事业,2016
600028.SH,石油石化,2020
600028.SH,石油石化,2019
600028.SH,石油石化,2018
600028.SH,石油石化,2017
600028.SH,石油石化,2016
600021.SH,公用事业,2020
600021.SH,公用事业,2019
600021.SH,公用事业,2018
600021.SH,公用事业,2017
600021.SH,公用事业,2016
600029.SH,交通运输,2020
600029.SH,交通运输,2019
600029.SH,交通运输,2018
600029.SH,交通运输,2017
600029.SH,交通运输,2016
600030.SH,非银金融,2020
600030.SH,非银金融,2019
600030.SH,非银金融,2018
600030.SH,非银金融,2017
600030.SH,非银金融,2016
600038.SH,国防军工,2020
600038.SH,国防军工,2019
600038.SH,国防军工,2018
600038.SH,国防军工,2017
600038.SH,国防军工,2016
600031.SH,机械设备,2020
600031.SH,机械设备,2019
600031.SH,机械设备,2018
600031.SH,机械设备,2017
600031.SH,机械设备,2016
600048.SH,房地产,2020
600048.SH,房地产,2019
600048.SH,房地产,2018
600048.SH,房地产,2017
600048.SH,房地产,2016
600036.SH,银行,2020
600036.SH,银行,2019
600036.SH,银行,2018
600036.SH,银行,2017
600036.SH,银行,2016
600050.SH,通信,2020
600050.SH,通信,2019
600050.SH,通信,2018
600050.SH,通信,2017
600050.SH,通信,2016
600066.SH,汽车,2020
600066.SH,汽车,2019
600066.SH,汽车,2018
600066.SH,汽车,2017
600066.SH,汽车,2016
600060.SH,家用电器,2020
600060.SH,家用电器,2019
600060.SH,家用电器,2018
600060.SH,家用电器,2017
600060.SH,家用电器,2016
600089.SH,电力设备,2020
600089.SH,电力设备,2019
600089.SH,电力设备,2018
600089.SH,电力设备,2017
600089.SH,电力设备,2016
600085.SH,医药生物,2020
600085.SH,医药生物,2019
600085.SH,医药生物,2018
600085.SH,医药生物,2017
600085.SH,医药生物,2016
600068.SH,建筑装饰,2020
600068.SH,建筑装饰,2019
600068.SH,建筑装饰,2018
600068.SH,建筑装饰,2017
600068.SH,建筑装饰,2016
600104.SH,汽车,2020
600104.SH,汽车,2019
600104.SH,汽车,2018
600104.SH,汽车,2017
600104.SH,汽车,2016
600100.SH,计算机,2020
600100.SH,计算机,2019
600100.SH,计算机,2018
600100.SH,计算机,2017
600100.SH,计算机,2016
600111.SH,有色金属,2020
600111.SH,有色金属,2019
600111.SH,有色金属,2018
600111.SH,有色金属,2017
600111.SH,有色金属,2016
600109.SH,非银金融,2020
600109.SH,非银金融,2019
600109.SH,非银金融,2018
600109.SH,非银金融,2017
600109.SH,非银金融,2016
600115.SH,交通运输,2020
600115.SH,交通运输,2019
600115.SH,交通运输,2018
600115.SH,交通运输,2017
600115.SH,交通运输,2016
600118.SH,国防军工,2020
600118.SH,国防军工,2019
600118.SH,国防军工,2018
600118.SH,国防军工,2017
600118.SH,国防军工,2016
600150.SH,国防军工,2020
600150.SH,国防军工,2019
600150.SH,国防军工,2018
600150.SH,国防军工,2017
600150.SH,国防军工,2016
600166.SH,汽车,2020
600166.SH,汽车,2019
600166.SH,汽车,2018
600166.SH,汽车,2017
600166.SH,汽车,2016
600153.SH,交通运输,2020
600153.SH,交通运输,2019
600153.SH,交通运输,2018
600153.SH,交通运输,2017
600153.SH,交通运输,2016
600157.SH,公用事业,2020
600157.SH,公用事业,2019
600157.SH,公用事业,2018
600157.SH,公用事业,2017
600157.SH,公用事业,2016
600177.SH,房地产,2020
600177.SH,房地产,2019
600177.SH,房地产,2018
600177.SH,房地产,2017
600177.SH,房地产,2016
600170.SH,建筑装饰,2020
600170.SH,建筑装饰,2019
600170.SH,建筑装饰,2018
600170.SH,建筑装饰,2017
600170.SH,建筑装饰,2016
600188.SH,煤炭,2020
600188.SH,煤炭,2019
600188.SH,煤炭,2018
600188.SH,煤炭,2017
600188.SH,煤炭,2016
600196.SH,医药生物,2020
600196.SH,医药生物,2019
600196.SH,医药生物,2018
600196.SH,医药生物,2017
600196.SH,医药生物,2016
600208.SH,房地产,2020
600208.SH,房地产,2019
600208.SH,房地产,2018
600208.SH,房地产,2017
600208.SH,房地产,2016
600221.SH,交通运输,2020
600221.SH,交通运输,2019
600221.SH,交通运输,2018
600221.SH,交通运输,2017
600221.SH,交通运输,2016
600252.SH,医药生物,2020
600252.SH,医药生物,2019
600252.SH,医药生物,2018
600252.SH,医药生物,2017
600252.SH,医药生物,2016
600256.SH,石油石化,2020
600256.SH,石油石化,2019
600256.SH,石油石化,2018
600256.SH,石油石化,2017
600256.SH,石油石化,2016
600271.SH,计算机,2020
600271.SH,计算机,2019
600271.SH,计算机,2018
600271.SH,计算机,2017
600271.SH,计算机,2016
600276.SH,医药生物,2020
600276.SH,医药生物,2019
600276.SH,医药生物,2018
600276.SH,医药生物,2017
600276.SH,医药生物,2016
600315.SH,美容护理,2020
600315.SH,美容护理,2019
600315.SH,美容护理,2018
600315.SH,美容护理,2017
600315.SH,美容护理,2016
600309.SH,基础化工,2020
600309.SH,基础化工,2019
600309.SH,基础化工,2018
600309.SH,基础化工,2017
600309.SH,基础化工,2016
600317.SH,交通运输,2020
600317.SH,交通运输,2019
600317.SH,交通运输,2018
600317.SH,交通运输,2017
600317.SH,交通运输,2016
600332.SH,医药生物,2020
600332.SH,医药生物,2019
600332.SH,医药生物,2018
600332.SH,医药生物,2017
600332.SH,医药生物,2016
600340.SH,房地产,2020
600340.SH,房地产,2019
600340.SH,房地产,2018
600340.SH,房地产,2017
600340.SH,房地产,2016
600350.SH,交通运输,2020
600350.SH,交通运输,2019
600350.SH,交通运输,2018
600350.SH,交通运输,2017
600350.SH,交通运输,2016
600352.SH,基础化工,2020
600352.SH,基础化工,2019
600352.SH,基础化工,2018
600352.SH,基础化工,2017
600352.SH,基础化工,2016
600362.SH,有色金属,2020
600362.SH,有色金属,2019
600362.SH,有色金属,2018
600362.SH,有色金属,2017
600362.SH,有色金属,2016
600369.SH,非银金融,2020
600369.SH,非银金融,2019
600369.SH,非银金融,2018
600369.SH,非银金融,2017
600369.SH,非银金融,2016
600372.SH,国防军工,2020
600372.SH,国防军工,2019
600372.SH,国防军工,2018
600372.SH,国防军工,2017
600372.SH,国防军工,2016
600373.SH,传媒,2020
600373.SH,传媒,2019
600373.SH,传媒,2018
600373.SH,传媒,2017
600373.SH,传媒,2016
600383.SH,房地产,2020
600383.SH,房地产,2019
600383.SH,房地产,2018
600383.SH,房地产,2017
600383.SH,房地产,2016
600398.SH,纺织服饰,2020
600398.SH,纺织服饰,2019
600398.SH,纺织服饰,2018
600398.SH,纺织服饰,2017
600398.SH,纺织服饰,2016
600415.SH,商贸零售,2020
600415.SH,商贸零售,2019
600415.SH,商贸零售,2018
600415.SH,商贸零售,2017
600415.SH,商贸零售,2016
600406.SH,电力设备,2020
600406.SH,电力设备,2019
600406.SH,电力设备,2018
600406.SH,电力设备,2017
600406.SH,电力设备,2016
600489.SH,有色金属,2020
600489.SH,有色金属,2019
600489.SH,有色金属,2018
600489.SH,有色金属,2017
600489.SH,有色金属,2016
600485.SH,通信,2020
600485.SH,通信,2019
600485.SH,通信,2018
600485.SH,通信,2017
600485.SH,通信,2016
600518.SH,医药生物,2020
600518.SH,医药生物,2019
600518.SH,医药生物,2018
600518.SH,医药生物,2017
600518.SH,医药生物,2016
600519.SH,食品饮料,2020
600519.SH,食品饮料,2019
600519.SH,食品饮料,2018
600519.SH,食品饮料,2017
600519.SH,食品饮料,2016
600535.SH,医药生物,2020
600535.SH,医药生物,2019
600535.SH,医药生物,2018
600535.SH,医药生物,2017
600535.SH,医药生物,2016
600547.SH,有色金属,2020
600547.SH,有色金属,2019
600547.SH,有色金属,2018
600547.SH,有色金属,2017
600547.SH,有色金属,2016
600549.SH,有色金属,2020
600549.SH,有色金属,2019
600549.SH,有色金属,2018
600549.SH,有色金属,2017
600549.SH,有色金属,2016
600570.SH,计算机,2020
600570.SH,计算机,2019
600570.SH,计算机,2018
600570.SH,计算机,2017
600570.SH,计算机,2016
600583.SH,石油石化,2020
600583.SH,石油石化,2019
600583.SH,石油石化,2018
600583.SH,石油石化,2017
600583.SH,石油石化,2016
600578.SH,公用事业,2020
600578.SH,公用事业,2019
600578.SH,公用事业,2018
600578.SH,公用事业,2017
600578.SH,公用事业,2016
600585.SH,建筑材料,2020
600585.SH,建筑材料,2019
600585.SH,建筑材料,2018
600585.SH,建筑材料,2017
600585.SH,建筑材料,2016
600600.SH,食品饮料,2020
600600.SH,食品饮料,2019
600600.SH,食品饮料,2018
600600.SH,食品饮料,2017
600600.SH,食品饮料,2016
600588.SH,计算机,2020
600588.SH,计算机,2019
600588.SH,计算机,2018
600588.SH,计算机,2017
600588.SH,计算机,2016
600633.SH,传媒,2020
600633.SH,传媒,2019
600633.SH,传媒,2018
600633.SH,传媒,2017
600633.SH,传媒,2016
600637.SH,传媒,2020
600637.SH,传媒,2019
600637.SH,传媒,2018
600637.SH,传媒,2017
600637.SH,传媒,2016
600642.SH,公用事业,2020
600642.SH,公用事业,2019
600642.SH,公用事业,2018
600642.SH,公用事业,2017
600642.SH,公用事业,2016
600648.SH,房地产,2020
600648.SH,房地产,2019
600648.SH,房地产,2018
600648.SH,房地产,2017
600648.SH,房地产,2016
600649.SH,房地产,2020
600649.SH,房地产,2019
600649.SH,房地产,2018
600649.SH,房地产,2017
600649.SH,房地产,2016
600660.SH,汽车,2020
600660.SH,汽车,2019
600660.SH,汽车,2018
600660.SH,汽车,2017
600660.SH,汽车,2016
600674.SH,公用事业,2020
600674.SH,公用事业,2019
600674.SH,公用事业,2018
600674.SH,公用事业,2017
600674.SH,公用事业,2016
600663.SH,房地产,2020
600663.SH,房地产,2019
600663.SH,房地产,2018
600663.SH,房地产,2017
600663.SH,房地产,2016
600688.SH,石油石化,2020
600688.SH,石油石化,2019
600688.SH,石油石化,2018
600688.SH,石油石化,2017
600688.SH,石油石化,2016
600690.SH,家用电器,2020
600690.SH,家用电器,2019
600690.SH,家用电器,2018
600690.SH,家用电器,2017
600690.SH,家用电器,2016
600703.SH,电子,2020
600703.SH,电子,2019
600703.SH,电子,2018
600703.SH,电子,2017
600703.SH,电子,2016
600705.SH,非银金融,2020
600705.SH,非银金融,2019
600705.SH,非银金融,2018
600705.SH,非银金融,2017
600705.SH,非银金融,2016
600717.SH,交通运输,2020
600717.SH,交通运输,2019
600717.SH,交通运输,2018
600717.SH,交通运输,2017
600717.SH,交通运输,2016
600741.SH,汽车,2020
600741.SH,汽车,2019
600741.SH,汽车,2018
600741.SH,汽车,2017
600741.SH,汽车,2016
600718.SH,计算机,2020
600718.SH,计算机,2019
600718.SH,计算机,2018
600718.SH,计算机,2017
600718.SH,计算机,2016
600783.SH,综合,2020
600783.SH,综合,2019
600783.SH,综合,2018
600783.SH,综合,2017
600783.SH,综合,2016
600795.SH,公用事业,2020
600795.SH,公用事业,2019
600795.SH,公用事业,2018
600795.SH,公用事业,2017
600795.SH,公用事业,2016
600739.SH,医药生物,2020
600739.SH,医药生物,2019
600739.SH,商贸零售,2018
600739.SH,商贸零售,2017
600739.SH,商贸零售,2016
600804.SH,通信,2020
600804.SH,通信,2019
600804.SH,通信,2018
600804.SH,通信,2017
600804.SH,通信,2016
600827.SH,商贸零售,2020
600827.SH,商贸零售,2019
600827.SH,商贸零售,2018
600827.SH,商贸零售,2017
600827.SH,商贸零售,2016
600839.SH,家用电器,2020
600839.SH,家用电器,2019
600839.SH,家用电器,2018
600839.SH,家用电器,2017
600839.SH,家用电器,2016
600820.SH,建筑装饰,2020
600820.SH,建筑装饰,2019
600820.SH,建筑装饰,2018
600820.SH,建筑装饰,2017
600820.SH,建筑装饰,2016
600837.SH,非银金融,2020
600837.SH,非银金融,2019
600837.SH,非银金融,2018
600837.SH,非银金融,2017
600837.SH,非银金融,2016
600863.SH,公用事业,2020
600863.SH,公用事业,2019
600863.SH,公用事业,2018
600863.SH,公用事业,2017
600863.SH,公用事业,2016
600867.SH,医药生物,2020
600867.SH,医药生物,2019
600867.SH,医药生物,2018
600867.SH,医药生物,2017
600867.SH,医药生物,2016
600873.SH,农林牧渔,2020
600873.SH,农林牧渔,2019
600873.SH,农林牧渔,2018
600873.SH,农林牧渔,2017
600873.SH,食品饮料,2016
600886.SH,公用事业,2020
600886.SH,公用事业,2019
600886.SH,公用事业,2018
600886.SH,公用事业,2017
600886.SH,公用事业,2016
600887.SH,食品饮料,2020
600887.SH,食品饮料,2019
600887.SH,食品饮料,2018
600887.SH,食品饮料,2017
600887.SH,食品饮料,2016
600875.SH,电力设备,2020
600875.SH,电力设备,2019
600875.SH,电力设备,2018
600875.SH,电力设备,2017
600875.SH,电力设备,2016
600893.SH,国防军工,2020
600893.SH,国防军工,2019
600893.SH,国防军工,2018
600893.SH,国防军工,2017
600893.SH,国防军工,2016
600895.SH,房地产,2020
600895.SH,房地产,2019
600895.SH,房地产,2018
600895.SH,房地产,2017
600895.SH,房地产,2016
600900.SH,公用事业,2020
600900.SH,公用事业,2019
600900.SH,公用事业,2018
600900.SH,公用事业,2017
600900.SH,公用事业,2016
600958.SH,非银金融,2020
600958.SH,非银金融,2019
600958.SH,非银金融,2018
600958.SH,非银金融,2017
600958.SH,非银金融,2016
600999.SH,非银金融,2020
600999.SH,非银金融,2019
600999.SH,非银金融,2018
600999.SH,非银金融,2017
600999.SH,非银金融,2016
600998.SH,医药生物,2020
600998.SH,医药生物,2019
600998.SH,医药生物,2018
600998.SH,医药生物,2017
600998.SH,医药生物,2016
600959.SH,传媒,2020
600959.SH,传媒,2019
600959.SH,传媒,2018
600959.SH,传媒,2017
600959.SH,传媒,2016
601006.SH,交通运输,2020
601006.SH,交通运输,2019
601006.SH,交通运输,2018
601006.SH,交通运输,2017
601006.SH,交通运输,2016
601009.SH,银行,2020
601009.SH,银行,2019
601009.SH,银行,2018
601009.SH,银行,2017
601009.SH,银行,2016
601016.SH,公用事业,2020
601016.SH,公用事业,2019
601016.SH,公用事业,2018
601016.SH,公用事业,2017
601016.SH,公用事业,2016
601021.SH,交通运输,2020
601021.SH,交通运输,2019
601021.SH,交通运输,2018
601021.SH,交通运输,2017
601021.SH,交通运输,2016
601088.SH,煤炭,2020
601088.SH,煤炭,2019
601088.SH,煤炭,2018
601088.SH,煤炭,2017
601088.SH,煤炭,2016
601098.SH,传媒,2020
601098.SH,传媒,2019
601098.SH,传媒,2018
601098.SH,传媒,2017
601098.SH,传媒,2016
601106.SH,机械设备,2020
601106.SH,机械设备,2019
601106.SH,机械设备,2018
601106.SH,机械设备,2017
601106.SH,机械设备,2016
601099.SH,非银金融,2020
601099.SH,非银金融,2019
601099.SH,非银金融,2018
601099.SH,非银金融,2017
601099.SH,非银金融,2016
601111.SH,交通运输,2020
601111.SH,交通运输,2019
601111.SH,交通运输,2018
601111.SH,交通运输,2017
601111.SH,交通运输,2016
601018.SH,交通运输,2020
601018.SH,交通运输,2019
601018.SH,交通运输,2018
601018.SH,交通运输,2017
601018.SH,交通运输,2016
601117.SH,建筑装饰,2020
601117.SH,建筑装饰,2019
601117.SH,建筑装饰,2018
601117.SH,建筑装饰,2017
601117.SH,建筑装饰,2016
601118.SH,农林牧渔,2020
601118.SH,农林牧渔,2019
601118.SH,农林牧渔,2018
601118.SH,农林牧渔,2017
601118.SH,农林牧渔,2016
601169.SH,银行,2020
601169.SH,银行,2019
601169.SH,银行,2018
601169.SH,银行,2017
601169.SH,银行,2016
601158.SH,环保,2020
601158.SH,环保,2019
601158.SH,环保,2018
601158.SH,环保,2017
601158.SH,环保,2016
601166.SH,银行,2020
601166.SH,银行,2019
601166.SH,银行,2018
601166.SH,银行,2017
601166.SH,银行,2016
601179.SH,电力设备,2020
601179.SH,电力设备,2019
601179.SH,电力设备,2018
601179.SH,电力设备,2017
601179.SH,电力设备,2016
601186.SH,建筑装饰,2020
601186.SH,建筑装饰,2019
601186.SH,建筑装饰,2018
601186.SH,建筑装饰,2017
601186.SH,建筑装饰,2016
601198.SH,非银金融,2020
601198.SH,非银金融,2019
601198.SH,非银金融,2018
601198.SH,非银金融,2017
601198.SH,非银金融,2016
601216.SH,基础化工,2020
601216.SH,基础化工,2019
601216.SH,基础化工,2018
601216.SH,基础化工,2017
601216.SH,基础化工,2016
601211.SH,非银金融,2020
601211.SH,非银金融,2019
601211.SH,非银金融,2018
601211.SH,非银金融,2017
601211.SH,非银金融,2016
601225.SH,煤炭,2020
601225.SH,煤炭,2019
601225.SH,煤炭,2018
601225.SH,煤炭,2017
601225.SH,煤炭,2016
601238.SH,汽车,2020
601238.SH,汽车,2019
601238.SH,汽车,2018
601238.SH,汽车,2017
601238.SH,汽车,2016
601231.SH,电子,2020
601231.SH,电子,2019
601231.SH,电子,2018
601231.SH,电子,2017
601231.SH,电子,2016
601258.SH,汽车,2020
601258.SH,汽车,2019
601258.SH,汽车,2018
601258.SH,汽车,2017
601258.SH,汽车,2016
601288.SH,银行,2020
601288.SH,银行,2019
601288.SH,银行,2018
601288.SH,银行,2017
601288.SH,银行,2016
601318.SH,非银金融,2020
601318.SH,非银金融,2019
601318.SH,非银金融,2018
601318.SH,非银金融,2017
601318.SH,非银金融,2016
601328.SH,银行,2020
601328.SH,银行,2019
601328.SH,银行,2018
601328.SH,银行,2017
601328.SH,银行,2016
601336.SH,非银金融,2020
601336.SH,非银金融,2019
601336.SH,非银金融,2018
601336.SH,非银金融,2017
601336.SH,非银金融,2016
601333.SH,交通运输,2020
601333.SH,交通运输,2019
601333.SH,交通运输,2018
601333.SH,交通运输,2017
601333.SH,交通运输,2016
601390.SH,建筑装饰,2020
601390.SH,建筑装饰,2019
601390.SH,建筑装饰,2018
601390.SH,建筑装饰,2017
601390.SH,建筑装饰,2016
601377.SH,非银金融,2020
601377.SH,非银金融,2019
601377.SH,非银金融,2018
601377.SH,非银金融,2017
601377.SH,非银金融,2016
601398.SH,银行,2020
601398.SH,银行,2019
601398.SH,银行,2018
601398.SH,银行,2017
601398.SH,银行,2016
601555.SH,非银金融,2020
601555.SH,非银金融,2019
601555.SH,非银金融,2018
601555.SH,非银金融,2017
601555.SH,非银金融,2016
601600.SH,有色金属,2020
601600.SH,有色金属,2019
601600.SH,有色金属,2018
601600.SH,有色金属,2017
601600.SH,有色金属,2016
601607.SH,医药生物,2020
601607.SH,医药生物,2019
601607.SH,医药生物,2018
601607.SH,医药生物,2017
601607.SH,医药生物,2016
601608.SH,机械设备,2020
601608.SH,机械设备,2019
601608.SH,机械设备,2018
601608.SH,机械设备,2017
601608.SH,机械设备,2016
601601.SH,非银金融,2020
601601.SH,非银金融,2019
601601.SH,非银金融,2018
601601.SH,非银金融,2017
601601.SH,非银金融,2016
601633.SH,汽车,2020
601633.SH,汽车,2019
601633.SH,汽车,2018
601633.SH,汽车,2017
601633.SH,汽车,2016
601669.SH,建筑装饰,2020
601669.SH,建筑装饰,2019
601669.SH,建筑装饰,2018
601669.SH,建筑装饰,2017
601669.SH,建筑装饰,2016
601618.SH,建筑装饰,2020
601618.SH,建筑装饰,2019
601618.SH,建筑装饰,2018
601618.SH,建筑装饰,2017
601618.SH,建筑装饰,2016
601668.SH,建筑装饰,2020
601668.SH,建筑装饰,2019
601668.SH,建筑装饰,2018
601668.SH,建筑装饰,2017
601668.SH,建筑装饰,2016
601628.SH,非银金融,2020
601628.SH,非银金融,2019
601628.SH,非银金融,2018
601628.SH,非银金融,2017
601628.SH,非银金融,2016
601688.SH,非银金融,2020
601688.SH,非银金融,2019
601688.SH,非银金融,2018
601688.SH,非银金融,2017
601688.SH,非银金融,2016
601718.SH,纺织服饰,2020
601718.SH,纺织服饰,2019
601718.SH,纺织服饰,2018
601718.SH,纺织服饰,2017
601718.SH,纺织服饰,2016
601766.SH,机械设备,2020
601766.SH,机械设备,2019
601766.SH,机械设备,2018
601766.SH,机械设备,2017
601766.SH,机械设备,2016
601699.SH,煤炭,2020
601699.SH,煤炭,2019
601699.SH,煤炭,2018
601699.SH,煤炭,2017
601699.SH,煤炭,2016
601727.SH,电力设备,2020
601727.SH,电力设备,2019
601727.SH,电力设备,2018
601727.SH,电力设备,2017
601727.SH,电力设备,2016
601808.SH,石油石化,2020
601808.SH,石油石化,2019
601808.SH,石油石化,2018
601808.SH,石油石化,2017
601808.SH,石油石化,2016
601788.SH,非银金融,2020
601788.SH,非银金融,2019
601788.SH,非银金融,2018
601788.SH,非银金融,2017
601788.SH,非银金融,2016
601818.SH,银行,2020
601818.SH,银行,2019
601818.SH,银行,2018
601818.SH,银行,2017
601818.SH,银行,2016
601800.SH,建筑装饰,2020
601800.SH,建筑装饰,2019
601800.SH,建筑装饰,2018
601800.SH,建筑装饰,2017
601800.SH,建筑装饰,2016
601857.SH,石油石化,2020
601857.SH,石油石化,2019
601857.SH,石油石化,2018
601857.SH,石油石化,2017
601857.SH,石油石化,2016
601898.SH,煤炭,2020
601898.SH,煤炭,2019
601898.SH,煤炭,2018
601898.SH,煤炭,2017
601898.SH,煤炭,2016
601899.SH,有色金属,2020
601899.SH,有色金属,2019
601899.SH,有色金属,2018
601899.SH,有色金属,2017
601899.SH,有色金属,2016
601888.SH,社会服务,2020
601888.SH,社会服务,2019
601888.SH,社会服务,2018
601888.SH,社会服务,2017
601888.SH,社会服务,2016
601872.SH,交通运输,2020
601872.SH,交通运输,2019
601872.SH,交通运输,2018
601872.SH,交通运输,2017
601872.SH,交通运输,2016
601919.SH,交通运输,2020
601919.SH,交通运输,2019
601919.SH,交通运输,2018
601919.SH,交通运输,2017
601919.SH,交通运输,2016
601901.SH,非银金融,2020
601901.SH,非银金融,2019
601901.SH,非银金融,2018
601901.SH,非银金融,2017
601901.SH,非银金融,2016
601866.SH,交通运输,2020
601866.SH,交通运输,2019
601866.SH,交通运输,2018
601866.SH,交通运输,2017
601866.SH,交通运输,2016
601928.SH,传媒,2020
601928.SH,传媒,2019
601928.SH,传媒,2018
601928.SH,传媒,2017
601928.SH,传媒,2016
601933.SH,商贸零售,2020
601933.SH,商贸零售,2019
601933.SH,商贸零售,2018
601933.SH,商贸零售,2017
601933.SH,商贸零售,2016
601939.SH,银行,2020
601939.SH,银行,2019
601939.SH,银行,2018
601939.SH,银行,2017
601939.SH,银行,2016
601958.SH,有色金属,2020
601958.SH,有色金属,2019
601958.SH,有色金属,2018
601958.SH,有色金属,2017
601958.SH,有色金属,2016
601969.SH,钢铁,2020
601969.SH,钢铁,2019
601969.SH,钢铁,2018
601969.SH,钢铁,2017
601969.SH,钢铁,2016
601988.SH,银行,2020
601988.SH,银行,2019
601988.SH,银行,2018
601988.SH,银行,2017
601988.SH,银行,2016
601985.SH,公用事业,2020
601985.SH,公用事业,2019
601985.SH,公用事业,2018
601985.SH,公用事业,2017
601985.SH,公用事业,2016
601998.SH,银行,2020
601998.SH,银行,2019
601998.SH,银行,2018
601998.SH,银行,2017
601998.SH,银行,2016
601991.SH,公用事业,2020
601991.SH,公用事业,2019
601991.SH,公用事业,2018
601991.SH,公用事业,2017
601991.SH,公用事业,2016
601989.SH,国防军工,2020
601989.SH,国防军工,2019
601989.SH,国防军工,2018
601989.SH,国防军工,2017
601989.SH,国防军工,2016
601992.SH,建筑材料,2020
601992.SH,建筑材料,2019
601992.SH,综合,2018
601992.SH,综合,2017
601992.SH,建筑材料,2016
603000.SH,传媒,2020
603000.SH,传媒,2019
603000.SH,传媒,2018
603000.SH,传媒,2017
603000.SH,传媒,2016
603993.SH,有色金属,2020
603993.SH,有色金属,2019
603993.SH,有色金属,2018
603993.SH,有色金属,2017
603993.SH,有色金属,2016
603885.SH,交通运输,2020
603885.SH,交通运输,2019
603885.SH,交通运输,2018
603885.SH,交通运输,2017
603885.SH,交通运输,2016
603288.SH,食品饮料,2020
603288.SH,食品饮料,2019
603288.SH,食品饮料,2018
603288.SH,食品饮料,2017
603288.SH,食品饮料,2016
